Номер Заказа;Канал;Статус;Месяц
№30601006;Бронь;Аннулирован;июн
№30601012;Бронь;Аннулирован;июн
№30605048;Бронь;Аннулирован;июн
№30605056;Бронь;Выкуплено;июн
№30605065;Бронь;Аннулирован;июн
№30607003;Бронь;Выкуплено;июн
№30607019;Бронь;Выкуплено;июн
№30607069;Бронь;Аннулирован;июн
№30607091;Бронь;Выкуплено;июн
№30607092;Бронь;Выкуплено;июн
№30608086;Бронь;Выкуплено;июн
№30609003;Бронь;Выкуплено;июн
№30610002;Бронь;Выкуплено;июн
№30610059;Бронь;Выкуплено;июн
№30611041;Бронь;Выкуплено;июн
№30611081;Бронь;Выкуплено;июн
№30612013;Бронь;Выкуплено;июн
№30612020;Бронь;Аннулирован;июн
№30612045;Бронь;Выкуплено;июн
№30612049;Бронь;Выкуплено;июн
№30613038;Бронь;Аннулирован;июн
№30614001;Бронь;Выкуплено;июн
№30614004;Бронь;Выкуплено;июн
№30614045;Бронь;Аннулирован;июн
№30615090;Бронь;Выкуплено;июн
№30617021;Бронь;Выкуплено;июн
№30617035;Бронь;Выкуплено;июн
№30617055;Бронь;Выкуплено;июн
№30617074;Бронь;Выкуплено;июн
№30619015;Бронь;Аннулирован;июн
№30619035;Бронь;Выкуплено;июн
№30622083;Бронь;Выкуплено;июн
№30623026;Бронь;Аннулирован;июн
№30623056;Бронь;Аннулирован;июн
№30623085;Бронь;Выкуплено;июн
№30623086;Бронь;Аннулирован;июн
№30625025;Бронь;Выкуплено;июн
№30625042;Бронь;Выкуплено;июн
№30625048;Бронь;Выкуплено;июн
№30625061;Бронь;Аннулирован;июн
№30628039;Бронь;Выкуплено;июн
№30628061;Бронь;Аннулирован;июн
№4598;Бронь;Аннулирован;июн
№4689;Бронь;Выкуплено;июн
№30531074;ПВЗ;Выкуплено;июн
№30601008;ПВЗ;Аннулирован;июн
№30601014;ПВЗ;Возвращен поставщику;июн
№30601015;ПВЗ;Выкуплено;июн
№30601028;ПВЗ;Выкуплено;июн
№30601040;ПВЗ;Выкуплено;июн
№30601076;ПВЗ;Выкуплено;июн
№30602001;ПВЗ;Выкуплено;июн
№30602006;ПВЗ;Возвращен поставщику;июн
№30602059;ПВЗ;Выкуплено;июн
№30603079;ПВЗ;Выкуплено;июн
№30603081;ПВЗ;Возвращен поставщику;июн
№30603085;ПВЗ;Возвращен поставщику;июн
№30604004;ПВЗ;Возвращен поставщику;июн
№30604032;ПВЗ;Выкуплено;июн
№30604048;ПВЗ;Выкуплено;июн
№30605001;ПВЗ;Выкуплено;июн
№30605051;ПВЗ;Выкуплено;июн
№30605060;ПВЗ;Выкуплено;июн
№30605063;ПВЗ;Возвращен поставщику;июн
№30606004;ПВЗ;Аннулирован;июн
№30606012;ПВЗ;Выкуплено;июн
№30606058;ПВЗ;Возвращен поставщику;июн
№30606064;ПВЗ;Выкуплено;июн
№30607042;ПВЗ;Выкуплено;июн
№30607067;ПВЗ;Выкуплено;июн
№30607094;ПВЗ;Выкуплено;июн
№30608050;ПВЗ;Возвращен поставщику;июн
№30609004;ПВЗ;Возвращен поставщику;июн
№30609021;ПВЗ;Выкуплено;июн
№30610028;ПВЗ;Выкуплено;июн
№30610061;ПВЗ;Выкуплено;июн
№30610066;ПВЗ;Выкуплено;июн
№30610070;ПВЗ;Выкуплено;июн
№30610072;ПВЗ;Выкуплено;июн
№30610075;ПВЗ;Возвращен поставщику;июн
№30611037;ПВЗ;Выкуплено;июн
№30611082;ПВЗ;Выкуплено;июн
№30612052;ПВЗ;Выкуплено;июн
№30612054;ПВЗ;Аннулирован;июн
№30613036;ПВЗ;Оприходован в салоне;июн
№30614013;ПВЗ;Выкуплено;июн
№30614041;ПВЗ;Выкуплено;июн
№30614044;ПВЗ;Выкуплено;июн
№30615023;ПВЗ;Выкуплено;июн
№30615061;ПВЗ;Выкуплено;июн
№30617017;ПВЗ;Выкуплено;июн
№30617045;ПВЗ;Оприходован в салоне;июн
№30617049;ПВЗ;Выкуплено;июн
№30617055;ПВЗ;Оприходован в салоне;июн
№30617098;ПВЗ;Выкуплено;июн
№30618022;ПВЗ;Выкуплено;июн
№30618036;ПВЗ;Выкуплено;июн
№30618082;ПВЗ;Оприходован в салоне;июн
№30619005;ПВЗ;Выкуплено;июн
№30619032;ПВЗ;Выкуплено;июн
№30619036;ПВЗ;Оприходован в салоне;июн
№30619040;ПВЗ;Выкуплено;июн
№30620001;ПВЗ;Выкуплено;июн
№30620026;ПВЗ;Выкуплено;июн
№30622031;ПВЗ;Выкуплено;июн
№30623023;ПВЗ;Выкуплено;июн
№30623036;ПВЗ;Оприходован в салоне;июн
№30624003;ПВЗ;Оприходован в салоне;июн
№30624007;ПВЗ;Выкуплено;июн
№30624040;ПВЗ;Оприходован в салоне;июн
№30625006;ПВЗ;Выкуплено;июн
№30625050;ПВЗ;Оприходован в салоне;июн
№30626030;ПВЗ;Выкуплено;июн
№30627046;ПВЗ;Оприходован в салоне;июн
№30628018;ПВЗ;Выкуплено;июн
№30628023;ПВЗ;Выкуплено;июн
№30628037;ПВЗ;Оприходован в салоне;июн
